"day","w"
1,0
2,0
3,0
4,0
5,6e-05
6,0.00052
7,0.00249
8,0.00792
9,0.01866
10,0.03508
11,0.0553
12,0.07574
13,0.09248
14,0.10263
15,0.10507
16,0.10042
17,0.09042
18,0.0773
19,0.06313
20,0.04951
21,0.03745
22,0.02742
23,0.01949
24,0.0135
25,0.00912
26,0.00603
27,0.0039
28,0.00248
29,0.00155
30,0.00095
31,0.00058
32,0.00034
33,2e-04
34,0.00012
35,7e-05
36,4e-05
37,2e-05
38,1e-05
